<?xml version="1.0" encoding="UTF-8"?>

<channel name="thunar" version="1.0">
  <property name="last-view" type="string" value="ThunarIconView"/>
  <property name="last-location-bar" type="string" value="ThunarLocationEntry"/>
  <property name="last-icon-view-zoom-level" type="string" value="THUNAR_ZOOM_LEVEL_100_PERCENT"/>
  <property name="last-separator-position" type="int" value="170"/>
  <property name="last-window-maximized" type="bool" value="false"/>
  <property name="last-window-width" type="int" value="960"/>
  <property name="last-window-height" type="int" value="671"/>
  <property name="last-show-hidden" type="bool" value="true"/>
  <property name="misc-single-click" type="bool" value="false"/>
  <property name="misc-file-size-binary" type="bool" value="true"/>
  <property name="default-view" type="string" value="ThunarIconView"/>
  <property name="misc-thumbnail-mode" type="string" value="THUNAR_THUMBNAIL_MODE_NEVER"/>
  <property name="tree-icon-size" type="string" value="THUNAR_ICON_SIZE_16"/>
  <property name="misc-recursive-permissions" type="string" value="THUNAR_RECURSIVE_PERMISSIONS_ALWAYS"/>
</channel>
