<?xml version="1.0" encoding="UTF-8"?>

<channel name="xfce4-panel" version="1.0">
  <property name="configver" type="int" value="2"/>
  <property name="panels" type="array">
    <value type="int" value="1"/>
    <value type="int" value="2"/>
    <property name="panel-1" type="empty">
      <property name="position" type="string" value="p=6;x=0;y=0"/>
      <property name="length" type="uint" value="100"/>
      <property name="position-locked" type="bool" value="true"/>
      <property name="size" type="uint" value="30"/>
      <property name="plugin-ids" type="array">
        <value type="int" value="1"/>
        <value type="int" value="28"/>
        <value type="int" value="25"/>
        <value type="int" value="5"/>
        <value type="int" value="26"/>
      </property>
      <property name="background-style" type="uint" value="1"/>
      <property name="disable-struts" type="bool" value="false"/>
      <property name="nrows" type="uint" value="1"/>
      <property name="background-color" type="array">
        <value type="uint" value="42116"/>
        <value type="uint" value="42116"/>
        <value type="uint" value="42116"/>
        <value type="uint" value="65535"/>
      </property>
      <property name="length-adjust" type="bool" value="true"/>
    </property>
    <property name="panel-2" type="empty">
      <property name="position" type="string" value="p=8;x=393;y=735"/>
      <property name="position-locked" type="bool" value="true"/>
      <property name="plugin-ids" type="array">
        <value type="int" value="14"/>
        <value type="int" value="8"/>
        <value type="int" value="10"/>
        <value type="int" value="18"/>
        <value type="int" value="7"/>
        <value type="int" value="9"/>
        <value type="int" value="6"/>
        <value type="int" value="19"/>
        <value type="int" value="17"/>
        <value type="int" value="29"/>
        <value type="int" value="3"/>
        <value type="int" value="22"/>
        <value type="int" value="20"/>
        <value type="int" value="12"/>
        <value type="int" value="21"/>
        <value type="int" value="13"/>
        <value type="int" value="2"/>
        <value type="int" value="15"/>
        <value type="int" value="16"/>
        <value type="int" value="11"/>
        <value type="int" value="4"/>
      </property>
      <property name="background-style" type="uint" value="1"/>
      <property name="background-color" type="array">
        <value type="uint" value="17441"/>
        <value type="uint" value="17441"/>
        <value type="uint" value="17441"/>
        <value type="uint" value="65535"/>
      </property>
      <property name="disable-struts" type="bool" value="true"/>
      <property name="size" type="uint" value="40"/>
      <property name="length" type="uint" value="42"/>
      <property name="background-alpha" type="uint" value="85"/>
    </property>
  </property>
  <property name="plugins" type="empty">
    <property name="plugin-1" type="string" value="applicationsmenu">
      <property name="show-generic-names" type="bool" value="true"/>
      <property name="show-tooltips" type="bool" value="true"/>
      <property name="button-icon" type="string" value="start-here"/>
      <property name="show-button-title" type="bool" value="true"/>
      <property name="custom-menu" type="bool" value="false"/>
      <property name="show-menu-icons" type="bool" value="true"/>
      <property name="button-title" type="string" value="Workbench"/>
    </property>
    <property name="plugin-5" type="string" value="clock"/>
    <property name="plugin-8" type="string" value="separator">
      <property name="style" type="uint" value="1"/>
    </property>
    <property name="plugin-10" type="string" value="launcher">
      <property name="items" type="array">
        <value type="string" value="16115900831.desktop"/>
        <value type="string" value="16114041322.desktop"/>
      </property>
    </property>
    <property name="plugin-13" type="string" value="separator">
      <property name="style" type="uint" value="1"/>
    </property>
    <property name="plugin-4" type="string" value="thunar-tpa"/>
    <property name="plugin-12" type="string" value="screenshooter"/>
    <property name="plugin-17" type="string" value="launcher">
      <property name="items" type="array">
        <value type="string" value="16115902483.desktop"/>
        <value type="string" value="16114151791.desktop"/>
      </property>
    </property>
    <property name="plugin-16" type="string" value="launcher">
      <property name="items" type="array">
        <value type="string" value="16115904864.desktop"/>
      </property>
    </property>
    <property name="plugin-20" type="string" value="launcher">
      <property name="items" type="array">
        <value type="string" value="16115905816.desktop"/>
      </property>
    </property>
    <property name="plugin-21" type="string" value="launcher">
      <property name="items" type="array">
        <value type="string" value="16115906057.desktop"/>
      </property>
    </property>
    <property name="plugin-22" type="string" value="launcher">
      <property name="items" type="array">
        <value type="string" value="16115907298.desktop"/>
      </property>
    </property>
    <property name="plugin-29" type="string" value="launcher">
      <property name="items" type="array">
        <value type="string" value="161159110210.desktop"/>
        <value type="string" value="16115910519.desktop"/>
      </property>
    </property>
    <property name="plugin-2" type="string" value="launcher">
      <property name="items" type="array">
        <value type="string" value="16124154301.desktop"/>
      </property>
    </property>
    <property name="plugin-15" type="string" value="launcher">
      <property name="items" type="array">
        <value type="string" value="16124156262.desktop"/>
      </property>
    </property>
    <property name="plugin-3" type="string" value="launcher">
      <property name="items" type="array">
        <value type="string" value="16129782621.desktop"/>
      </property>
    </property>
    <property name="plugin-6" type="string" value="launcher">
      <property name="items" type="array">
        <value type="string" value="16129864882.desktop"/>
        <value type="string" value="16129865673.desktop"/>
        <value type="string" value="16129867955.desktop"/>
        <value type="string" value="16129866814.desktop"/>
        <value type="string" value="16129868846.desktop"/>
        <value type="string" value="16129869337.desktop"/>
      </property>
    </property>
    <property name="plugin-14" type="string" value="applicationsmenu">
      <property name="button-title" type="string" value="KickPi-OS"/>
      <property name="button-icon" type="string" value="help-about"/>
    </property>
    <property name="plugin-25" type="string" value="separator">
      <property name="expand" type="bool" value="false"/>
      <property name="style" type="uint" value="0"/>
    </property>
    <property name="plugin-28" type="string" value="separator">
      <property name="expand" type="bool" value="true"/>
      <property name="style" type="uint" value="0"/>
    </property>
    <property name="plugin-11" type="string" value="launcher">
      <property name="items" type="array">
        <value type="string" value="16131950321.desktop"/>
        <value type="string" value="16114041323.desktop"/>
      </property>
    </property>
    <property name="plugin-19" type="string" value="launcher">
      <property name="items" type="array">
        <value type="string" value="16131951242.desktop"/>
      </property>
    </property>
    <property name="plugin-7" type="string" value="launcher">
      <property name="items" type="array">
        <value type="string" value="16182463931.desktop"/>
        <value type="string" value="16181587601.desktop"/>
      </property>
    </property>
    <property name="plugin-9" type="string" value="launcher">
      <property name="items" type="array">
        <value type="string" value="16182464152.desktop"/>
        <value type="string" value="16114041321.desktop"/>
      </property>
    </property>
    <property name="plugin-18" type="string" value="launcher">
      <property name="items" type="array">
        <value type="string" value="16182465903.desktop"/>
      </property>
    </property>
    <property name="plugin-26" type="string" value="pulseaudio">
      <property name="enable-keyboard-shortcuts" type="bool" value="true"/>
      <property name="mpris-players" type="string" value="chromium.instance4523"/>
    </property>
  </property>
</channel>
